<?xml version="1.0" encoding="UTF-8"?>
<project-private xmlns="http://www.netbeans.org/ns/project-private/1">
    <editor-bookmarks xmlns="http://www.netbeans.org/ns/editor-bookmarks/2" lastBookmarkId="1">
        <file>
            <url>web/workloadreport.xhtml</url>
            <bookmark id="1">
                <name/>
                <line>59</line>
                <key/>
            </bookmark>
        </file>
    </editor-bookmarks>
    <open-files xmlns="http://www.netbeans.org/ns/projectui-open-files/2">
        <group>
            <file>file:/home/a.shalin/NetBeansProjects/ProofOfConcept/ProofOfConcept-war/src/java/jiraconnector/CentralPoint.java</file>
            <file>file:/home/a.shalin/NetBeansProjects/ProofOfConcept/ProofOfConcept-war/web/workloadreport.xhtml</file>
        </group>
    </open-files>
</project-private>
